id,first_name,last_name,email,gender,ip_address
1,Jacenta,Kilshall,jkilshall0@smugmug.com,Genderfluid,135.239.169.211
2,Mareah,Gerleit,mgerleit1@mit.edu,Agender,252.252.41.165
3,Jyoti,Clemont,jclemont2@bbc.co.uk,Genderfluid,72.161.197.162
4,Lalo,Ewenson,lewenson3@sakura.ne.jp,Non-binary,102.241.66.89
5,Mick,Mullaney,mmullaney4@xing.com,Bigender,207.187.22.237
6,Clementina,Bartolomucci,cbartolomucci5@clickbank.net,Male,216.255.88.161
7,Barton,Dacks,bdacks6@tmall.com,Agender,91.149.56.119
8,Liz,Lapworth,llapworth7@hostgator.com,Female,32.91.95.225
9,Carr,Robatham,crobatham8@nhs.uk,Non-binary,184.227.21.13
10,Clement,Schwerin,cschwerin9@godaddy.com,Agender,50.36.189.32
11,Shani,Silvester,ssilvestera@mayoclinic.com,Male,42.38.62.29
