id,first_name,last_name,email,gender,ip_address
1,Pamella,Wysome,pwysome0@cmu.edu,Bigender,142.47.113.107
2,Benedicto,Boness,bboness1@biblegateway.com,Non-binary,141.128.102.166
3,Friederike,Gilstoun,fgilstoun2@homestead.com,Genderfluid,231.35.192.114
4,Brittany,Dikles,bdikles3@guardian.co.uk,Non-binary,242.232.17.197
5,Kristopher,Aleavy,kaleavy4@nifty.com,Female,45.40.158.16
6,Hansiain,Bertomier,hbertomier5@github.com,Bigender,3.188.131.18
7,Celie,Weyland,cweyland6@mapquest.com,Non-binary,11.186.3.142
8,Osbourne,Mussett,omussett7@cnet.com,Polygender,131.177.31.136
9,Sancho,Samme,ssamme8@ebay.co.uk,Agender,52.245.2.66
10,Waldemar,Surgood,wsurgood9@house.gov,Male,250.8.6.20
