id,first_name,last_name,email,gender,ip_address
1,Suzie,Edgell,sedgell0@myspace.com,Polygender,205.172.55.105
2,Rivi,Scoular,rscoular1@irs.gov,Female,119.221.129.113
3,Grissel,Klimke,gklimke2@nsw.gov.au,Bigender,245.101.118.35
4,Town,Dafter,tdafter3@cpanel.net,Polygender,197.236.64.77
5,Tommie,Cuffe,tcuffe4@columbia.edu,Bigender,233.39.111.163
6,Cherrita,Brunn,cbrunn5@fotki.com,Genderqueer,250.41.19.44
7,Natalee,Brigstock,nbrigstock6@typepad.com,Bigender,87.66.242.154
8,Buckie,Lindores,blindores7@google.de,Genderqueer,192.129.227.123
9,Ivette,Knipe,iknipe8@storify.com,Non-binary,42.229.165.32
10,Blair,Ledwitch,bledwitch9@gizmodo.com,Bigender,255.128.229.25
11,Benedicto,McKague,bmckaguea@issuu.com,Non-binary,24.192.97.95
12,Stanislaw,MacPike,smacpikeb@wunderground.com,Male,150.118.82.101
13,Winnah,Ascrofte,wascroftec@jimdo.com,Male,33.220.35.94
14,Modesta,Shackleford,mshacklefordd@unblog.fr,Agender,139.217.160.111
15,Rycca,Angless,ranglesse@thetimes.co.uk,Non-binary,157.163.25.80
